﻿/*Test DB deployment scriptsUse it for test DB and data deployment*//*DROP TABLE MAPP.DIC_GOALS;DROP TABLE MAPP.PERMISSIONS;DROP TABLE MAPP.ROLES;DROP TABLE MAPP.ROLE_PRIVELEGES;DROP TABLE MAPP.UNITS;DROP TABLE MAPP.USERS;DROP TABLE MAPP.USER_ROLES;DROP TABLE MAPP.USER_SESSIONS;*//*TRUNCATE TABLE MAPP.DIC_GOALS;TRUNCATE TABLE MAPP.PERMISSIONS;TRUNCATE TABLE MAPP.ROLES;TRUNCATE TABLE MAPP.ROLE_PRIVELEGES;TRUNCATE TABLE MAPP.UNITS;TRUNCATE TABLE MAPP.USERS;TRUNCATE TABLE MAPP.USER_ROLES;TRUNCATE TABLE MAPP.USER_SESSIONS;*/create table MAPP.DIC_GOALS(  id      INTEGER generated always as identity,  descr   NVARCHAR2(255),  unit_id INTEGER not null,  vl      NUMBER);create table MAPP.PERMISSIONS(  id             INTEGER,  permissionname NVARCHAR2(255),  descr          NVARCHAR2(255));create table MAPP.ROLES(  id            INTEGER generated always as identity,  rolename      NVARCHAR2(100),  fullname      NVARCHAR2(100),  comments      NVARCHAR2(255),  unit_id       INTEGER,  permission_id INTEGER);create table MAPP.ROLE_PRIVELEGES(  id_role      INTEGER,  id_privelege INTEGER);create table MAPP.UNITS(  id        INTEGER not null,  unitname  NVARCHAR2(100),  shortname NVARCHAR2(100));create table MAPP.USERS(  id         INTEGER generated always as identity,  username   NVARCHAR2(255),  userpass   NVARCHAR2(255),  is_enabled INTEGER);create table MAPP.USER_ROLES(  user_id INTEGER,  role_id INTEGER);create table MAPP.USER_SESSIONS(  username  NVARCHAR2(64) not null,  series    NVARCHAR2(64),  token     NVARCHAR2(64) not null,  last_used TIMESTAMP(6) not null);/*********/insert into MAPP.DIC_GOALS ( descr, unit_id, vl)values ( 'sdfsdf', 1, 345345);insert into MAPP.DIC_GOALS ( descr, unit_id, vl)values ( 'Test1', 2, 444.4);insert into MAPP.DIC_GOALS ( descr, unit_id, vl)values ( 'sdfsdfsdf', 2, 110);insert into MAPP.DIC_GOALS ( descr, unit_id, vl)values ( 'Test2', 1, 55555);insert into MAPP.DIC_GOALS ( descr, unit_id, vl)values ( 'dfgdfgdfg', 1, 34563456);insert into MAPP.DIC_GOALS ( descr, unit_id, vl)values ( 'тестовое изменение', 1, 555555);insert into MAPP.DIC_GOALS ( descr, unit_id, vl)values ( 'Цель имени Андрея', 1, 777);insert into MAPP.DIC_GOALS ( descr, unit_id, vl)values ( '45676', 2, 200.3);commit;insert into MAPP.PERMISSIONS (id, permissionname, descr)values (1, 'READ', 'Доступ на чтение');insert into MAPP.PERMISSIONS (id, permissionname, descr)values (2, 'WRITE', 'Доступ на запись');insert into MAPP.PERMISSIONS (id, permissionname, descr)values (0, 'DEFAULT', 'Не определено');commit;insert into MAPP.ROLES ( rolename, fullname, comments, unit_id, permission_id)values ( 'ADMIN', 'ADMIN_DEFAULT_ALL', null, 0, 0);insert into MAPP.ROLES ( rolename, fullname, comments, unit_id, permission_id)values ( 'GOAL', 'GOAL_READ_RB', null, 1, 1);insert into MAPP.ROLES ( rolename, fullname, comments, unit_id, permission_id)values ( 'GOAL', 'GOAL_WRITE_RB', null, 1, 2);insert into MAPP.ROLES ( rolename, fullname, comments, unit_id, permission_id)values ( 'GOAL', 'GOAL_READ_BSP', null, 2, 1);commit;insert into MAPP.ROLE_PRIVELEGES (id_role, id_privelege)values (1, 1);insert into MAPP.ROLE_PRIVELEGES (id_role, id_privelege)values (2, 1);insert into MAPP.ROLE_PRIVELEGES (id_role, id_privelege)values (3, 1);insert into MAPP.ROLE_PRIVELEGES (id_role, id_privelege)values (4, 1);insert into MAPP.ROLE_PRIVELEGES (id_role, id_privelege)values (1, 2);insert into MAPP.ROLE_PRIVELEGES (id_role, id_privelege)values (2, 2);insert into MAPP.ROLE_PRIVELEGES (id_role, id_privelege)values (3, 2);insert into MAPP.ROLE_PRIVELEGES (id_role, id_privelege)values (4, 2);commit;insert into MAPP.UNITS (id, unitname, shortname)values (1, 'Розница', 'RB');insert into MAPP.UNITS (id, unitname, shortname)values (2, 'Сеть продаж', 'BSP');insert into MAPP.UNITS (id, unitname, shortname)values (3, 'Благосостояние', 'BS');insert into MAPP.UNITS (id, unitname, shortname)values (0, 'Вся система', 'ALL');commit;insert into MAPP.USERS (username, userpass, is_enabled)values ( 'ADMIN', '$2a$10$5WlIp0eor7HzpWfjWOp/uu61OHbxpGnHlwN.kqgxgjBFKq8/gIJk6', 1);insert into MAPP.USERS (username, userpass, is_enabled)values ( 'Гриша', '$2a$10$4Z4nYs1epBIFog.ydQXBleLAmZMXkCyWD/RJjdvYOWIXpD0tw8sIi', 1);insert into MAPP.USERS (username, userpass, is_enabled)values ( 'Testuser', '$2a$10$VhYu.n2WEtKohXv5/S3eMeltBOLlT/cAooViG7WgS51dNbbhdVbPm', 1);insert into MAPP.USERS (username, userpass, is_enabled)values ( 'Димон', '$2a$10$DAkQKUrF7zkBjAcTiJXSp.wZnxwlCTIun1.9Lt/AkmiKppE4sPWaq', 1);insert into MAPP.USERS (username, userpass, is_enabled)values ( 'Андрей', '$2a$10$2olULF1nZvVxTBmLAKBGuO9p9rlc4Z9vWYBM6UA./Wun.rk8ufqsy', 1);insert into MAPP.USERS (username, userpass, is_enabled)values ( 'Юра', '$2a$10$htzdcqrQ7wF5UTK64NQt1eHMXkiv0U2NH7SfWnCsgv4EeMORCyBzm', 0);insert into MAPP.USERS (username, userpass, is_enabled)values ( 'Саша', '$2a$10$Lqd0dfH1rbH756b2qxZ1yOG/Bx2Jqd.dEgsFMryIjN7E9k3.i7PXu', 1);insert into MAPP.USERS (username, userpass, is_enabled)values ( 'NVP', '$2a$10$MPrHAWoqDuqHEWpZy5uO4Om04VSr1I/b.OXN52.svtWsaRKFQPI0e', 1);insert into MAPP.USER_ROLES (user_id, role_id)values (2, 3);insert into MAPP.USER_ROLES (user_id, role_id)values (1, 1);insert into MAPP.USER_ROLES (user_id, role_id)values (2, 2);insert into MAPP.USER_ROLES (user_id, role_id)values (11, 2);insert into MAPP.USER_ROLES (user_id, role_id)values (11, 6);insert into MAPP.USER_ROLES (user_id, role_id)values (8, 6);commit;